,event,ts
0,start_schema_check,1680454014.357313
1,end_schema_check,1680454014.5832212
2,done all 1000000,1680461045.3838716
3,import verified 1000000,1680461045.4201808
