,event,ts
0,start train,1680987740.4208333
1,before query,1680987740.420842
2,query sucess,1680987740.4376512
3,end train,1680987740.4377534
