,event,ts
0,start train,1680902160.5592103
1,before query,1680902160.5592182
2,query sucess,1680902160.5660398
3,end train,1680902160.5661123
