,event,ts
0,start train,1681029567.440156
1,before query,1681029567.4401653
2,query sucess,1681029567.4578629
3,end train,1681029567.457953
