,event,ts
0,start train,1681173094.852886
1,before query,1681173094.8528967
2,query sucess,1681173094.8790865
3,end train,1681173094.8791685
