,event,ts
0,start train,1680972845.7535164
1,before query,1680972845.753523
2,query sucess,1680972845.761869
3,end train,1680972845.7619653
