,event,ts
0,start train,1680756899.3580952
1,before query,1680756899.3581011
2,query errors,1680756899.3782609
3,before query,1680756899.378333
4,query errors,1680756899.3952053
5,before query,1680756899.3952725
6,query errors,1680756899.4117696
7,before query,1680756899.4118416
8,query errors,1680756899.4284916
9,before query,1680756899.4285653
10,query errors,1680756899.4449596
11,before query,1680756899.4450297
12,query errors,1680756899.458896
13,end train,1680756899.458963
