,event,ts
0,start train,1680759827.594732
1,before query,1680759827.5947373
2,async try again,1680759827.6537352
3,before query,1680759829.6559045
4,async try again,1680759829.6707666
5,before query,1680759831.6729321
6,async try again,1680759831.842026
7,before query,1680759833.8441937
8,query sucess,1680759833.868766
9,end train,1680759833.8689077
