,event,ts
0,start train,1680759599.0250666
1,before query,1680759599.0250728
2,async try again,1680759599.0784693
3,before query,1680759601.0806549
4,async try again,1680759601.1199708
5,before query,1680759603.122113
6,async try again,1680759603.3029423
7,before query,1680759605.3051114
8,query sucess,1680759605.3265164
9,end train,1680759605.3266127
