,event,ts
0,start train,1680760900.1038897
1,before query,1680760900.1038952
2,async try again,1680760900.1517627
3,before query,1680760902.1539335
4,async try again,1680760902.3240569
5,before query,1680760904.3262243
6,query sucess,1680760904.3464422
7,end train,1680760904.346535
