,event,ts
0,start train,1680760006.1900084
1,before query,1680760006.190014
2,async try again,1680760006.2400062
3,before query,1680760008.2421355
4,async try again,1680760008.2580683
5,before query,1680760010.26028
6,async try again,1680760010.4157681
7,before query,1680760012.4179697
8,query sucess,1680760012.4417074
9,end train,1680760012.4418578
