,event,ts
0,start train,1680759157.1717932
1,before query,1680759157.1717992
2,async try again,1680759157.225743
3,before query,1680759159.2279074
4,async try again,1680759159.2439427
5,before query,1680759161.2461078
6,async try again,1680759161.4099905
7,before query,1680759163.4121509
8,query sucess,1680759163.4338686
9,end train,1680759163.4339504
